name,mean_score,std_score,mean_runtime
DCCA_Fusion_EEG_ECG,0.5982142885526022,0.053295123804936215,16.891400973002117
