,name,mean_score,mean_runtime
0,Nearest Neighbors,0.7583333333333334,0.00839836597442627
1,Linear SVM,0.6666666666666667,0.0012011051177978516
2,RBF SVM,0.6666666666666667,0.0008970260620117188
3,Gaussian Process,0.6666666666666667,0.000798487663269043
4,Decision Tree,0.875,0.0007999897003173828
5,Random Forest,0.875,0.0012004375457763672
6,AdaBoost,0.9416666666666667,0.0045997858047485355
7,Naive Bayes,0.33333333333333337,0.0007006406784057617
