,name,mean_score,mean_runtime
0,Nearest Neighbors,0.825,0.027974486351013184
1,Linear SVM,0.6666666666666667,0.0024039506912231444
2,RBF SVM,0.9666666666666666,0.0023217201232910156
3,Gaussian Process,0.875,0.0022648096084594725
4,Decision Tree,0.9333333333333332,0.002308201789855957
5,Random Forest,0.8916666666666668,0.0028218984603881835
6,Neural Net,0.9,0.0026247262954711913
7,AdaBoost,0.9583333333333334,0.006498813629150391
8,Naive Bayes,0.7416666666666667,0.0021921634674072266
