name,mean_score,std_score,mean_runtime
SimpleCNN_SpecAug,0.6676587263743082,0.04548368684819717,7.187518040339152
ResNetLike_SpecAug,0.6904761989911398,0.0336717354291314,12.96356749534607
AdaptedEfficientNetB0_SA,0.6666666865348816,0.0,57.13394864400228
EEGNet,0.6666666865348816,0.0,14.502123276392618
